"","structureId","chainId","experimentalTechnique","resolution","ligandId","ligandName","source","scopDomain","classification","compound","title","citationAuthor","journalName","publicationYear","structureTitle","depositionDate","structureMolecularWeight","macromoleculeType","entityId","sequence","chainLength","db_id","db_name","rObserved","rFree","spaceGroup","citation"
"3NSJ_A","3NSJ","A","X-RAY DIFFRACTION","2.75","CA,CL,GOL,IOD,NAG","CALCIUM ION,CHLORIDE ION,GLYCEROL,IODIDE ION,N-ACETYL-D-GLUCOSAMINE","Mus musculus",NA,"IMMUNE SYSTEM","Perforin-1","The structural basis for membrane binding and pore formation by lymphocyte perforin.","Law, R.H., Lukoyanova, N., Voskoboinik, I., Caradoc-Davies, T.T., Baran, K., Dunstone, M.A., D'Angelo, M.E., Orlova, E.V., Coulibaly, F., Verschoor, S., Browne, K.A., Ciccone, A., Kuiper, M.J., Bird, P.I., Trapani, J.A., Saibil, H.R., Whisstock, J.C.","Nature","2010","The X-ray crystal structure of lymphocyte perforin","2010-07-01","61955.14","Protein","1","PCYTATRSECKQKHKFVPGVWMAGEGMDVTTLRRSGSFPVNTQRFLRPDRTCTLCKNSLMRDATQRLPVAITHWRPHSSHCQRNVAAAKVHSTEGVAREAAANINNDWRVGLDVNPRPEANMRASVAGSHSKVANFAAEKTYQDQYNFNSDTVECRMYSFRLVQKPPLHLDFKKALRALPRNFNSSTEHAYHELISSYGTHFITAVDLGGRISVLTALRTCQLTLNGLTADEVGDCLNVEAQVSIGAQASVSSEYKACEEKKKQHKMATSFHQTYRERHVEVLGGPLDSTHDLLFGNQATPEQFSTWTASLPSNPGLVDYSLEPLHTLLEEQNPKREALRQAISHYIMSRARWQNCSRPCRSGQHKSSHDSCQCECQDSKVTNQDCCPRQRGLAHLVVSNFRAEHLWGDYTTATDAYLKVFFGGQEFRTGVVWNNNNPRWTDKMDFENVLLSTGGPLRVQVWDADYGWDDDLLGSCDRSPHSGFHEVTCELNHGRVKFSYHAKCLPHLTGGTCLEYAPQGLLGDPPGNRSGAVWHHHHHH","540","P10820","UniProt","0.197","0.215","P 21 21 21","Law et al. Nature (2010)"
"6H04_D","6H04","D","ELECTRON MICROSCOPY","5.6","NAG","N-ACETYL-D-GLUCOSAMINE","Homo sapiens",NA,"IMMUNE SYSTEM","Complement component C7","CryoEM reveals how the complement membrane attack complex ruptures lipid bilayers.","Menny, A., Serna, M., Boyd, C.M., Gardner, S., Joseph, A.P., Morgan, B.P., Topf, M., Brooks, N.J., Bubeck, D.","Nat Commun","2018","Closed conformation of the Membrane Attack Complex","2018-07-06","1630616.62","Protein","4","SSPVNCQWDFYAPWSECNGCTKTQTRRRSVAVYGQYGGQPCVGNAFETQSCEPTRGCPTEEGCGERFRCFSGQCISKSLVCNGDSDCDEDSADEDRCEDSERRPSCDIDKPPPNIELTGNGYNELTGQFRNRVINTKSFGGQCRKVFSGDGKDFYRLSGNVLSYTFQVKINNDFNYEFYNSTWSYVKHTSTEHTSSSRKRSFFRSSSSSSRSYTSHTNEIHKGKSYQLLVVENTVEVAQFINNNPEFLQLAEPFWKELSHLPSLYDYSAYRRLIDQYGTHYLQSGSLGGEYRVLFYVDSEKLKQNDFNSVEEKKCKSSGWHFVVKFSSHGCKELENALKAASGTQNNVLRGEPFIRGGGAGFISGLSYLELDNPAGNKRRYSAWAESVTNLPQVIKQKLTPLYELVKEVPCASVKKLYLKWALEEYLDEFDPCHCRPCQNGGLATVEGTHCLCHCKPYTFGAACEQGVLVGNQAGGVDGGWSCWSSWSPCVQGKKTRSRECNNPPPSGGGRSCVGETTESTQCEDEELEHLRLLEPHCFPLSLVPTEFCPSPPALKDGFVQDEGTMFPVGKNVVYTCNEGYSLIGNPVARCGEDLRWLVGEMHCQKIACVLPVLMDGIQSHPQKPFYTVGEKVTVSCSGGMSLEGPSAFLCGSSLKWSPEMKNARCVQKENPLTQAVPKCQRWEKLQNSRCVCKMPYECGPSLDVCAQDERSKRILPLTVCKMHVLHCQGRNYTLTGRDSCTLPASAEKACGACPLWGKCDAESSKCVCREASECEEEGFSICVEVNGKEQTMSECEAGALRCRGQSISVTSIRPCAAETQ","821","P10643","UniProt",NA,NA,NA,"Menny et al. Nat Commun (2018)"
"4UFR_B","4UFR","B","X-RAY DIFFRACTION","2.2","CL","CHLORIDE ION","Homo sapiens",NA,"SIGNALING PROTEIN","R-SPONDIN-2","Crystal Structure of R-Spondin 2 in Complex with the Ectodomains of its Receptors Lgr5 and Znrf3.","Zebisch, M., Jones, E.Y.","J.Struct.Biol.","2015","Structure of the ectodomain of LGR5 in complex with R-spondin-2 (Fu1Fu2)","2015-03-18","136653.56","Protein","2","ETGICKGCLSCSKDNGCSRCQQKLFFFLRREGMRQYGECLHSCPSGYYGHRAPDMNRCARCRIENCDSCFSKDFCTKCKVGFYLHRGRCFDECPDGFAPLDETMECVEGTHHHHHHHHHH","120","Q8BFU0","UniProt","0.209","0.262","C 1 2 1","Zebisch et al. J.Struct.Biol. (2015)"
"2BKL_A","2BKL","A","X-RAY DIFFRACTION","1.5","MES,SO4,ZAH","2-(N-MORPHOLINO)-ETHANESULFONIC ACID,SULFATE ION,N-[(BENZYLOXY)CARBONYL]-L-ALANYL-L-PROLINE","Myxococcus xanthus",NA,"HYDROLASE","PROLYL ENDOPEPTIDASE","Structural and Mechanistic Analysis of Two Prolyl Endopeptidases: Role of Interdomain Dynamics in Catalysis and Specificity","Shan, L., Mathews, I.I., Khosla, C.","Proc.Natl.Acad.Sci.USA","2005","Structural and Mechanistic Analysis of Two Prolyl Endopeptidases: Role of Inter-Domain Dynamics in Catalysis and Specificity","2005-02-16","157197.52","Protein","1","MSYPATRAEQVVDTLHGVQVADPYRWLEDEKAPEVQTWMTAQNAHAREALAKFPGREALAARFKELFYTDSVSTPSRRNGRFFYVRTHKDKEKAILYWRQGESGQEKVLLDPNGWSKDGTVSLGTWAVSWDGKKVAFAQKPNAADEAVLHVIDVDSGEWSKVDVIEGGKYATPKWTPDSKGFYYEWLPTDPSIKVDERPGYTTIRYHTLGTEPSKDTVVHERTGDPTTFLQSDLSRDGKYLFVYILRGWSENDVYWKRPGEKDFRLLVKGVGAKYEVHAWKDRFYVLTDEGAPRQRVFEVDPAKPARASWKEIVPEDSSASLLSVSIVGGHLSLEYLKDATSEVRVATLKGKPVRTVQLPGVGAASNLMGLEDLDDAYYVFTSFTTPRQIYKTSVSTGKSELWAKVDVPMNPEQYQVEQVFYASKDGTKVPMFVVHRKDLKRDGNAPTLLYGYGGFNVNMEANFRSSILPWLDAGGVYAVANLRGGGEYGKAWHDAGRLDKKQNVFDDFHAAAEYLVQQKYTQPKRLAIYGGSNGGLLVGAAMTQRPELYGAVVCAVPLLDMVRYHLFGSGRTWIPEYGTAEKPEDFKTLHAYSPYHHVRPDVRYPALLMMAADHDDRVDPMHARKFVAAVQNSPGNPATALLRIEANAGHGGADQVAKAIESSVDLYSFLFQVLDVQGAQGGVAAQGRHHHHHH","695","Q9X5N2","UniProt","0.161","0.182","P 1 21 1","Shan et al. Proc.Natl.Acad.Sci.USA (2005)"
"5FBH_B","5FBH","B","X-RAY DIFFRACTION","2.7","BCT,CL,CSO,GD3,MG,NAG,TCR","BICARBONATE ION,CHLORIDE ION,S-HYDROXYCYSTEINE,GADOLINIUM ION,MAGNESIUM ION,N-ACETYL-D-GLUCOSAMINE,CYCLOMETHYLTRYPTOPHAN","Homo sapiens",NA,"SIGNALING PROTEIN","Extracellular calcium-sensing receptor","Structural basis for regulation of human calcium-sensing receptor by magnesium ions and an unexpected tryptophan derivative co-agonist.","Zhang, C., Zhang, T., Zou, J., Miller, C.L., Gorkhali, R., Yang, J.Y., Schilmiller, A., Wang, S., Huang, K., Brown, E.M., Moremen, K.W., Hu, J., Yang, J.J.","Sci Adv","2016","Crystal structure of the extracellular domain of human calcium sensing receptor with bound Gd3+","2015-12-14","130992.05","Protein","1","MRLLTALFAYFIVALILAFSVSAKSMHHHHHHHHSAWSHPQFEKEFYGPDQRAQKKGDIILGGLFPIHFGVAAKDQDLKSRPESVECIRYNFRGFRWLQAMIFAIEEINSSPALLPNLTLGYRIFDTCNTVSKALEATLSFVAQNKIDSLNLDEFCNCSEHIPSTIAVVGATGSGVSTAVANLLGLFYIPQVSYASSSRLLSNKNQFKSFLRTIPNDEHQATAMADIIEYFRWNWVGTIAADDDYGRPGIEKFREEAEERDICIDFSELISQYSDEEEIQHVVEVIQNSTAKVIVVFSSGPDLEPLIKEIVRRNITGKIWLASEAWASSSLIAMPQYFHVVGGTIGFALKAGQIPGFREFLKKVHPRKSVHNGFAKEFWEETFNCHLQEGAKGPLPVDTFLRGHEESGDRFSNSSTAFRPLCTGDENISSVETPYIDYTHLRISYNVYLAVYSIAHALQDIYTCLPGRGLFTNGSCADIKKVEAWQVLKHLRHLNFTNNMGEQVTFDECGDLVGNYSIINWHLSPEDGSIVFKEVGYYNVYAKKGERLFINEEKILWSGFSREVPFSN","568","P41180","UniProt","0.184","0.236","C 1 2 1","Zhang et al. Sci Adv (2016)"
"2UTG_A","2UTG","A","X-RAY DIFFRACTION","1.64",NA,NA,"Oryctolagus cuniculus","Uteroglobin","STEROID BINDING","UTEROGLOBIN","Structure and refinement of the oxidized P21 form of uteroglobin at 1.64 A resolution.","Bally, R., Delettre, J.","J.Mol.Biol.","1989","STRUCTURE AND REFINEMENT OF THE OXIDIZED P21 FORM OF UTEROGLOBIN AT 1.64 ANGSTROMS RESOLUTION","1989-05-17","15820.54","Protein","1","GICPRFAHVIENLLLGTPSSYETSLKEFEPDDTMKDAGMQMKKVLDSLPQTTRENIMKLTEKIVKSPLCM","70","P02779","UniProt","0.19",NA,"P 1 21 1","Bally et al. J.Mol.Biol. (1989)"
"1W98_B","1W98","B","X-RAY DIFFRACTION","2.15",NA,NA,"Homo sapiens","G1/S-specific cyclin-E1#G1/S-specific cyclin-E1","TRANSFERASE","G1/S-SPECIFIC CYCLIN E1","The Structure of Cyclin E1/Cdk2: Implications for Cdk2 Activation and Cdk2-Independent Roles","Honda, R., Lowe, E.D., Dubinina, E., Skamnaki, V., Cook, A., Brown, N., Johnson, L.N.","Embo J.","2005","The structural basis of CDK2 activation by cyclin E","2004-10-07","66939.77","Protein","2","IIAPSRGSPLPVLSWANREEVWKIMLNKEKTYLRDQHFLEQHPLLQPKMRAILLDWLMEVCEVYKLHRETFYLAQDFFDRYMATQENVVKTLLQLIGISSLFIAAKLEEIYPPKLHQFAYVTDGACSGDEILTMELMIMKALKWRLSPLTIVSWLNVYMQVAYLNDLHEVLLPQYPQQIFIQIAELLDLCVLDVDCLEFPYGILAASALYHFSSSELMQKVSGYQWCDIENCVKWMVPFAMVIRETGSSKLKHFRGVADEDAHNIQTHRDSLDLLDKARAKKA","283","P24864","UniProt","0.185","0.246","P 41 21 2","Honda et al. Embo J. (2005)"
"2QUQ_A","2QUQ","A","X-RAY DIFFRACTION","2.8",NA,NA,"Saccharomyces cerevisiae",NA,"DNA BINDING PROTEIN, STRUCTURAL PROTEIN","Centromere DNA-binding protein complex CBF3 subunit B","Crystal structure of the yeast inner kinetochore subunit Cep3p.","Bellizzi, J.J., Sorger, P.K., Harrison, S.C.","Structure","2007","Crystal Structure of the Essential Inner Kinetochore Protein Cep3p","2007-08-06","66094.52","Protein","1","KLITASSSKEYLPDLLLFWQNYEYWITNIGLYKTKQRDLTRTPANLDTDTEECMFWMNYLQKDQSFQLMNFAMENLGALYFGSIGDISELYLRVEQYWDRRADKNHSVDGKYWDALIWSVFTMCIYYMPVEKLAEIFSVYPLHEYLGSNKRLNWEDGMQLVMCQNFARCSLFQLKQCDFMAHPDIRLVQAYLILATTTFPYDEPLLANSLLTQCIHTFKNFHVDDFRPLLNDDPVESIAKVTLGRIFYRLCGCDYLQSGPRKPIALHTEVSSLLQHAAYLQDLPNVDVYREENSTEVLYWKIISLDRDLDQYLNKSSKPPLKTLDAIRRELDIFQYKVDSLEEDFRSNNSRFQKFIALFQISTVSWKLFKMYLIYYDTADSLLKVIHYSKVIISLIVNNFHAKSEFFNRHPMVMQTITRVVSFISFYQIFVESAAVKQLLVDLTELTANLPTIFGSKLDKLVYLTERLSKLKLLWDKVQLLDSGDSFYHPVFKILQNDIKIIELKNDEMFSLIKGLGSLVPLNKLRQESLLEEEDENNTEPSDFRTIVEEFQSEYNISDILS","562","P40969","UniProt",NA,"0.285","P 43 21 2","Bellizzi et al. Structure (2007)"
"6GYP_C","6GYP","C","ELECTRON MICROSCOPY","3.6",NA,NA,"Saccharomyces cerevisiae",NA,"CELL CYCLE","Centromere DNA-binding protein complex CBF3 subunit B","Architecture of the CBF3-centromere complex of the budding yeast kinetochore.","Yan, K., Zhang, Z., Yang, J., McLaughlin, S.H., Barford, D.","Nat. Struct. Mol. Biol.","2018","Cryo-EM structure of the CBF3-core-Ndc10-DBD complex of the budding yeast kinetochore","2018-07-01","329688.03","Protein","3","MFNRITASSSKEYLPDLLLFWQNYEYWITNIGLYKTKQRDLTRTPANLDTDTEECMFWMNYLQKDQSFQLMNFAMENLGALYFGSIGDISELYLRVEQYWDRRADKNHSVDGKYWDALIWSVFTMCIYYMPVEKLAEIFSVYPLHEYLGSNKRLNWEDGMQLVMCQNFARCSLFQLKQCDFMAHPDIRLVQAYLILATTTFPYDEPLLANSLLTQCIHTFKNFHVDDFRPLLNDDPVESIAKVTLGRIFYRLCGCDYLQSGPRKPIALHTEVSSLLQHAAYLQDLPNVDVYREENSTEVLYWKIISLDRDLDQYLNKSSKPPLKTLDAIRRELDIFQYKVDSLEEDFRSNNSRFQKFIALFQISTVSWKLFKMYLIYYDTADSLLKVIHYSKVIISLIVNNFHAKSEFFNRHPMVMQTITRVVSFISFYQIFVESAAVKQLLVDLTELTANLPTIFGSKLDKLVYLTERLSKLKLLWDKVQLLDSGDSFYHPVFKILQNDIKIIELKNDEMFSLIKGLGSLVPLNKLRQESLLEEEDENNTEPSDFRTIVEEFQSEYNISDILS","564","P40969","UniProt",NA,NA,"P 1","Yan et al. Nat. Struct. Mol. Biol. (2018)"
"2VEQ_A","2VEQ","A","X-RAY DIFFRACTION","2.49","BME,CAC","BETA-MERCAPTOETHANOL,CACODYLATE ION","Saccharomyces cerevisiae",NA,"CELL CYCLE","CENTROMERE DNA-BINDING PROTEIN COMPLEX CBF3 SUBUNIT B","Insights Into Kinetochore-DNA Interactions from the Structure of Cep3Delta","Purvis, A., Singleton, M.R.","Embo Rep.","2008","Insights into kinetochore-DNA interactions from the structure of Cep3p","2007-10-26","66593.95","Protein","1","GSHMLITASSSKEYLPDLLLFWQNYEYWITNIGLYKTKQRDLTRTPANLDTDTEECMFWMNYLQKDQSFQLMNFAMENLGALYFGSIGDISELYLRVEQYWDRRADKNHSVDGKYWDALIWSVFTMCIYYMPVEKLAEIFSVYPLHEYLGSNKRLNWEDGMQLVMCQNFARCSLFQLKQCDFMAHPDIRLVQAYLILATTTFPYDEPLLANSLLTQCIHTFKNFHVDDFRPLLNDDPVESIAKVTLGRIFYRLCGCDYLQSGPRKPIALHTEVSSLLQHAAYLQDLPNVDVYREENSTEVLYWKIISLDRDLDQYLNKSSKPPLKTLDAIRRELDIFQYKVDSLEEDFRSNNSRFQKFIALFQISTVSWKLFKMYLIYYDTADSLLKVIHYSKVIISLIVNNFHAKSEFFNRHPMVMQTITRVVSFISFYQIFVESAAVKQLLVDLTELTANLPTIFGSKLDKLVYLTERLSKLKLLWDKVQLLDSGDSFYHPVFKILQNDIKIIELKNDEMFSLIKGLGSLVPLNKLRQESLLEEEDENNTEPSDFRTIVEEFQSEYNISDILS","565","P40969","UniProt","0.22","0.246","P 43 21 2","Purvis et al. Embo Rep. (2008)"
"5L2W_B","5L2W","B","X-RAY DIFFRACTION","2.8",NA,NA,"Homo sapiens",NA,"Transferase/Cell Cycle/Inhibitor","G1/S-specific cyclin-E1","Spectrum and Degree of CDK Drug Interactions Predicts Clinical Performance.","Chen, P., Lee, N.V., Hu, W., Xu, M., Ferre, R.A., Lam, H., Bergqvist, S., Solowiej, J., Diehl, W., He, Y.A., Yu, X., Nagata, A., VanArsdale, T., Murray, B.W.","Mol.Cancer Ther.","2016","The X-ray co-crystal structure of human CDK2/CyclinE and Dinaciclib.","2016-08-02","70323.4","Protein","2","MASHHHHHHDYDGATTENLYFQGSIIAPSRGSPLPVLSWANREEVWKIMLNKEKTYLRDQHFLEQHPLLQPKMRAILLDWLMEVCEVYKLHRETFYLAQDFFDRYMATQENVVKTLLQLIGISSLFIAAKLEEIYPPKLHQFAYVTDGACSGDEILTMELMIMKALKWRLSPLTIVSWLNVYMQVAYLNDLHEVLLPQYPQQIFIQIAELLDLCVLDVDCLEFPYGILAASALYHFSSSELMQKVSGYQWCDIENCVKWMVPFAMVIRETGSSKLKHFRGVADEDAHNIQTHRDSLDLLDKARAKKA","307","P24864","UniProt","0.202","0.246","P 41 21 2","Chen et al. Mol.Cancer Ther. (2016)"
"6FE8_A","6FE8","A","ELECTRON MICROSCOPY","4.1",NA,NA,"Saccharomyces cerevisiae",NA,"DNA BINDING PROTEIN","Centromere DNA-binding protein complex CBF3 subunit B","Insights into Centromere DNA Bending Revealed by the Cryo-EM Structure of the Core Centromere Binding Factor 3 with Ndc10.","Zhang, W., Lukoynova, N., Miah, S., Lucas, J., Vaughan, C.K.","Cell Rep","2018","Cryo-EM structure of the core Centromere Binding Factor 3 complex","2017-12-30","220366.66","Protein","1","MGGSSHHHHHHSSGLVPRGSHMKLITASSSKEYLPDLLLFWQNYEYWITNIGLYKTKQRDLTRTPANLDTDTEECMFWMNYLQKDQSFQLMNFAMENLGALYFGSIGDISELYLRVEQYWDRRADKNHSVDGKYWDALIWSVFTMCIYYMPVEKLAEIFSVYPLHEYLGSNKRLNWEDGMQLVMCQNFARCSLFQLKQCDFMAHPDIRLVQAYLILATTTFPYDEPLLANSLLTQCIHTFKNFHVDDFRPLLNDDPVESIAKVTLGRIFYRLCGCDYLQSGPRKPIALHTEVSSLLQHAAYLQDLPNVDVYREENSTEVLYWKIISLDRDLDQYLNKSSKPPLKTLDAIRRELDIFQYKVDSLEEDFRSNNSRFQKFIALFQISTVSWKLFKMYLIYYDTADSLLKVIHYSKVIISLIVNNFHAKSEFFNRHPMVMQTITRVVSFISFYQIFVESAAVKQLLVDLTELTANLPTIFGSKLDKLVYLTERLSKLKLLWDKVQLLDSGDSFYHPVFKILQNDIKIIELKNDEMFSLIKGLGSLVPLNKLRQESLLEEEDENNTEPSDFRTIVEEFQSEYNISDILS","584","P40969","UniProt","0.294",NA,"P 1","Zhang et al. Cell Rep (2018)"
"4V2C_A","4V2C","A","X-RAY DIFFRACTION","4.0",NA,NA,"Mus musculus",NA,"APOPTOSIS","FIBRONECTIN LEUCINE RICH TRANSMEMBRANE PROTEIN 2","Flrt Structure: Balancing Repulsion and Cell Adhesion in Cortical and Vascular Development","Seiradake, E., Del Toro, D., Nagel, D., Cop, F., Haertl, R., Ruff, T., Seyit-Bremer, G., Harlos, K., Border, E.C., Acker-Palmer, A., Jones, E.Y., Klein, R.","Neuron","2014","mouse FLRT2 LRR domain in complex with rat Unc5D Ig1 domain","2014-10-08","110331.61","Protein","1","ACPSVCRCDRNFVYCNERSLTSVPLGIPEGVTVLYLHNNQINNAGFPAELHNVQSVHTVYLYGNQLDEFPMNLPKNVRVLHLQENNIQTISRAALAQLLKLEELHLDDNSISTVGVEDGAFREAISLKLLFLSKNHLSSVPVGLPVDLQELRVDENRIAVISDMAFQNLTSLERLIVDGNLLTNKGIAEGTFSHLTKLKEFSIVRNSLSHPPPDLPGTHLIRLYLQDNQINHIPLTAFANLRKLERLDISNNQLRMLTQGVFDHLSNLKQLTARNNPWFCDCSIKWVTEWLKYIPSSLNVRGFMCQGPEQVRGMAVRELNMNLLSCPT","328","Q8BLU0","UniProt","0.319","0.335","C 1 2 1","Seiradake et al. Neuron (2014)"
"4V2D_A","4V2D","A","X-RAY DIFFRACTION","2.5",NA,NA,"Homo sapiens",NA,"SIGNALING PROTEIN","FIBRONECTIN LEUCINE RICH TRANSMEMBRANE PROTEIN 2","Flrt Structure: Balancing Repulsion and Cell Adhesion in Cortical and Vascular Development","Seiradake, E., Del Toro, D., Nagel, D., Cop, F., Haertl, R., Ruff, T., Seyit-Bremer, G., Harlos, K., Border, E.C., Acker-Palmer, A., Jones, E.Y., Klein, R.","Neuron","2014","FLRT2 LRR domain","2014-10-08","36807.21","Protein","1","CPSVCRCDRNFVYCNERSLTSVPLGIPEGVTVLYLHNNQINNAGFPAELHNVQSVHTVYLYGNQLDEFPMNLPKNVRVLHLQENNIQTISRAALAQLLKLEELHLDDNSISTVGVEDGAFREAISLKLLFLSKNHLSSVPVGLPVDLQELRVDENRIAVISDMAFQNLTSLERLIVDGNLLTNKGIAEGTFSHLTKLKEFSIVRNSLSHPPPDLPGTHLIRLYLQDNQINHIPLTAFANLRKLERLDISNNQLRMLTQGVFDHLSNLKQLTARNNPWFCDCSIKWVTEWLKYIPSSLNVRGFMCQGPEQVRGMAVRALNMNLLSCP","326","Q8BLU0","UniProt","0.281","0.301","P 1 21 1","Seiradake et al. Neuron (2014)"
